<?xml version="1.0" encoding="UTF-8"?>
<GenRun Id="impl_1" LaunchPart="xc7a35tcpg236-1" LaunchTime="1654760103">
  <File Type="ROUTE-PWR" Name="decompression_power_routed.rpt"/>
  <File Type="PA-TCL" Name="decompression.tcl"/>
  <File Type="ROUTE-PWR-SUM" Name="decompression_power_summary_routed.pb"/>
  <File Type="REPORTS-TCL" Name="decompression_reports.tcl"/>
  <File Type="BITSTR-MSK" Name="decompression.msk"/>
  <File Type="ROUTE-CLK" Name="decompression_clock_utilization_routed.rpt"/>
  <File Type="RDI-RDI" Name="decompression.vdi"/>
  <File Type="BG-BIT" Name="decompression.bit"/>
  <File Type="BG-DRC" Name="decompression.drc"/>
  <File Type="BG-BGN" Name="decompression.bgn"/>
  <File Type="BG-BIN" Name="decompression.bin"/>
  <File Type="BITSTR-RBT" Name="decompression.rbt"/>
  <File Type="BITSTR-NKY" Name="decompression.nky"/>
  <File Type="BITSTR-BMM" Name="decompression_bd.bmm"/>
  <File Type="ROUTE-METHODOLOGY-DRC" Name="decompression_methodology_drc_routed.rpt"/>
  <File Type="BITSTR-MMI" Name="decompression.mmi"/>
  <File Type="BITSTR-SYSDEF" Name="decompression.sysdef"/>
  <File Type="BITSTR-LTX" Name="debug_nets.ltx"/>
  <File Type="BITSTR-LTX" Name="decompression.ltx"/>
  <File Type="WBT-USG" Name="usage_statistics_webtalk.html"/>
  <File Type="OPT-DRC" Name="decompression_drc_opted.rpt"/>
  <File Type="OPT-HWDEF" Name="decompression.hwdef"/>
  <File Type="PLACE-IO" Name="decompression_io_placed.rpt"/>
  <File Type="PLACE-UTIL" Name="decompression_utilization_placed.rpt"/>
  <File Type="PLACE-UTIL-PB" Name="decompression_utilization_placed.pb"/>
  <File Type="PLACE-CTRL" Name="decompression_control_sets_placed.rpt"/>
  <File Type="PLACE-PRE-SIMILARITY" Name="decompression_incremental_reuse_pre_placed.rpt"/>
  <File Type="ROUTE-DRC" Name="decompression_drc_routed.rpt"/>
  <File Type="ROUTE-DRC-PB" Name="decompression_drc_routed.pb"/>
  <File Type="ROUTE-PWR-RPX" Name="decompression_power_routed.rpx"/>
  <File Type="ROUTE-STATUS" Name="decompression_route_status.rpt"/>
  <File Type="ROUTE-STATUS-PB" Name="decompression_route_status.pb"/>
  <File Type="ROUTE-DCP" Name="decompression_routed.dcp"/>
  <File Type="ROUTE-ERROR-DCP" Name="decompression_routed_error.dcp"/>
  <File Type="ROUTE-BLACKBOX-DCP" Name="decompression_routed_bb.dcp"/>
  <File Type="ROUTE-TIMINGSUMMARY" Name="decompression_timing_summary_routed.rpt"/>
  <File Type="ROUTE-TIMING-PB" Name="decompression_timing_summary_routed.pb"/>
  <File Type="ROUTE-TIMING-RPX" Name="decompression_timing_summary_routed.rpx"/>
  <File Type="ROUTE-BUS-SKEW" Name="decompression_bus_skew_routed.rpt"/>
  <File Type="ROUTE-BUS-SKEW-PB" Name="decompression_bus_skew_routed.pb"/>
  <File Type="ROUTE-BUS-SKEW-RPX" Name="decompression_bus_skew_routed.rpx"/>
  <File Type="OPT-DCP" Name="decompression_opt.dcp"/>
  <File Type="PLACE-DCP" Name="decompression_placed.dcp"/>
  <File Type="PWROPT-DCP" Name="decompression_pwropt.dcp"/>
  <File Type="POSTPLACE-PWROPT-DCP" Name="decompression_postplace_pwropt.dcp"/>
  <File Type="PHYSOPT-DCP" Name="decompression_physopt.dcp"/>
  <File Type="POSTROUTE-PHYSOPT-DCP" Name="decompression_postroute_physopt.dcp"/>
  <File Type="POSTROUTE-PHYSOPT-BLACKBOX-DCP" Name="decompression_postroute_physopt_bb.dcp"/>
  <File Type="ROUTE-METHODOLOGY-DRC-PB" Name="decompression_methodology_drc_routed.pb"/>
  <File Type="ROUTE-DRC-RPX" Name="decompression_drc_routed.rpx"/>
  <File Type="ROUTE-METHODOLOGY-DRC-RPX" Name="decompression_methodology_drc_routed.rpx"/>
  <File Type="PDI-FILE" Name="decompression.pdi"/>
  <File Type="RCFI_FILE" Name="decompression.rcfi"/>
  <File Type="CFI_FILE" Name="decompression.cfi"/>
  <File Type="RNPI_FILE" Name="decompression.rnpi"/>
  <File Type="NPI_FILE" Name="decompression.npi"/>
  <File Type="RBD_FILE" Name="decompression.rbd"/>
  <FileSet Name="sources" Type="DesignSrcs" RelSrcDir="$PSRCDIR/sources_1">
    <Filter Type="Srcs"/>
    <File Path="$PSRCDIR/sources_1/new/DFlipFlop.vhd">
      <FileInfo>
        <Attr Name="ImportPath" Val="$PPRDIR/../Downloads/FINAALLLLLLLDecompression/Decompression/Decompression.srcs/sources_1/new/DFlipFlop.vhd"/>
        <Attr Name="ImportTime" Val="1652362555"/>
        <Attr Name="UsedIn" Val="synthesis"/>
        <Attr Name="UsedIn" Val="simulation"/>
      </FileInfo>
    </File>
    <File Path="$PSRCDIR/sources_1/new/Dictionary.vhd">
      <FileInfo>
        <Attr Name="ImportPath" Val="$PPRDIR/../Downloads/FINAALLLLLLLDecompression/Decompression/Decompression.srcs/sources_1/new/Dictionary.vhd"/>
        <Attr Name="ImportTime" Val="1652362625"/>
        <Attr Name="UsedIn" Val="synthesis"/>
        <Attr Name="UsedIn" Val="simulation"/>
      </FileInfo>
    </File>
    <File Path="$PSRCDIR/sources_1/new/UART.vhd">
      <FileInfo>
        <Attr Name="ImportPath" Val="$PPRDIR/../Downloads/FINAALLLLLLLDecompression/FINAALLLLLLLDecompression/FINAALLLLLLLDecompression.srcs/sources_1/new/UART.vhd"/>
        <Attr Name="ImportTime" Val="1652897396"/>
        <Attr Name="UsedIn" Val="synthesis"/>
        <Attr Name="UsedIn" Val="simulation"/>
      </FileInfo>
    </File>
    <File Path="$PSRCDIR/sources_1/new/UART_Controller.vhd">
      <FileInfo>
        <Attr Name="ImportPath" Val="$PPRDIR/../Downloads/FINAALLLLLLLDecompression/FINAALLLLLLLDecompression/FINAALLLLLLLDecompression.srcs/sources_1/new/UART_Controller.vhd"/>
        <Attr Name="ImportTime" Val="1652898597"/>
        <Attr Name="UsedIn" Val="synthesis"/>
        <Attr Name="UsedIn" Val="simulation"/>
      </FileInfo>
    </File>
    <File Path="$PSRCDIR/sources_1/new/UART_tx.vhd">
      <FileInfo>
        <Attr Name="ImportPath" Val="$PPRDIR/../Downloads/FINAALLLLLLLDecompression/FINAALLLLLLLDecompression/FINAALLLLLLLDecompression.srcs/sources_1/new/UART_tx.vhd"/>
        <Attr Name="ImportTime" Val="1652897481"/>
        <Attr Name="UsedIn" Val="synthesis"/>
        <Attr Name="UsedIn" Val="simulation"/>
      </FileInfo>
    </File>
    <File Path="$PSRCDIR/sources_1/new/button_debounce.vhd">
      <FileInfo>
        <Attr Name="ImportPath" Val="$PPRDIR/../Downloads/FINAALLLLLLLDecompression/FINAALLLLLLLDecompression/FINAALLLLLLLDecompression.srcs/sources_1/new/button_debounce.vhd"/>
        <Attr Name="ImportTime" Val="1652897356"/>
        <Attr Name="UsedIn" Val="synthesis"/>
        <Attr Name="UsedIn" Val="simulation"/>
      </FileInfo>
    </File>
    <File Path="$PSRCDIR/sources_1/new/comparison_shift.vhd">
      <FileInfo>
        <Attr Name="ImportPath" Val="$PPRDIR/../Downloads/FINAALLLLLLLDecompression/MicroDecompression15_5/MicroDecompression15_5.srcs/sources_1/new/comparison_shift.vhd"/>
        <Attr Name="ImportTime" Val="1652702170"/>
        <Attr Name="UsedIn" Val="synthesis"/>
        <Attr Name="UsedIn" Val="simulation"/>
      </FileInfo>
    </File>
    <File Path="$PSRCDIR/sources_1/new/decompression.vhd">
      <FileInfo>
        <Attr Name="ImportPath" Val="$PPRDIR/../Downloads/FINAALLLLLLLDecompression/Decompression/Decompression.srcs/sources_1/new/decompression.vhd"/>
        <Attr Name="ImportTime" Val="1652381804"/>
        <Attr Name="UsedIn" Val="synthesis"/>
        <Attr Name="UsedIn" Val="simulation"/>
      </FileInfo>
    </File>
    <File Path="$PSRCDIR/sources_1/new/UART_rx.vhd">
      <FileInfo>
        <Attr Name="UserDisabled" Val="1"/>
        <Attr Name="ImportPath" Val="$PPRDIR/../Downloads/FINAALLLLLLLDecompression/FINAALLLLLLLDecompression/FINAALLLLLLLDecompression.srcs/sources_1/new/UART_rx.vhd"/>
        <Attr Name="ImportTime" Val="1652897369"/>
        <Attr Name="UsedIn" Val="synthesis"/>
        <Attr Name="UsedIn" Val="simulation"/>
      </FileInfo>
    </File>
    <Config>
      <Option Name="DesignMode" Val="RTL"/>
      <Option Name="TopModule" Val="decompression"/>
      <Option Name="TopAutoSet" Val="TRUE"/>
    </Config>
  </FileSet>
  <FileSet Name="constrs_in" Type="Constrs" RelSrcDir="$PSRCDIR/constrs_1">
    <Filter Type="Constrs"/>
    <File Path="$PSRCDIR/constrs_1/imports/Desktop/Basys3_Master.xdc">
      <FileInfo>
        <Attr Name="ImportPath" Val="$PPRDIR/../Downloads/Basys3_Master.xdc"/>
        <Attr Name="ImportTime" Val="1646569284"/>
        <Attr Name="UsedIn" Val="synthesis"/>
        <Attr Name="UsedIn" Val="implementation"/>
      </FileInfo>
    </File>
    <Config>
      <Option Name="ConstrsType" Val="XDC"/>
    </Config>
  </FileSet>
  <FileSet Name="utils" Type="Utils" RelSrcDir="$PSRCDIR/utils_1">
    <Filter Type="Utils"/>
    <Config>
      <Option Name="TopAutoSet" Val="TRUE"/>
    </Config>
  </FileSet>
  <Strategy Version="1" Minor="2">
    <StratHandle Name="Vivado Implementation Defaults" Flow="Vivado Implementation 2020"/>
    <Step Id="init_design"/>
    <Step Id="opt_design"/>
    <Step Id="power_opt_design"/>
    <Step Id="place_design"/>
    <Step Id="post_place_power_opt_design"/>
    <Step Id="phys_opt_design"/>
    <Step Id="route_design"/>
    <Step Id="post_route_phys_opt_design"/>
    <Step Id="write_bitstream"/>
    <Step Id="write_device_image"/>
  </Strategy>
  <BlockFileSet Type="BlockSrcs" Name="blk_mem_gen_0"/>
</GenRun>
