<?xml version="1.0" encoding="UTF-8"?>
<GenRun Id="synth_1" LaunchPart="xc7a35tcpg236-1" LaunchTime="1654760103">
  <File Type="PA-TCL" Name="decompression.tcl"/>
  <File Type="REPORTS-TCL" Name="decompression_reports.tcl"/>
  <File Type="RDS-RDS" Name="decompression.vds"/>
  <File Type="RDS-UTIL" Name="decompression_utilization_synth.rpt"/>
  <File Type="RDS-UTIL-PB" Name="decompression_utilization_synth.pb"/>
  <File Type="RDS-DCP" Name="decompression.dcp"/>
  <FileSet Name="sources" Type="DesignSrcs" RelSrcDir="$PSRCDIR/sources_1">
    <Filter Type="Srcs"/>
    <File Path="$PSRCDIR/sources_1/new/DFlipFlop.vhd">
      <FileInfo>
        <Attr Name="ImportPath" Val="$PPRDIR/../Downloads/FINAALLLLLLLDecompression/Decompression/Decompression.srcs/sources_1/new/DFlipFlop.vhd"/>
        <Attr Name="ImportTime" Val="1652362555"/>
        <Attr Name="UsedIn" Val="synthesis"/>
        <Attr Name="UsedIn" Val="simulation"/>
      </FileInfo>
    </File>
    <File Path="$PSRCDIR/sources_1/new/Dictionary.vhd">
      <FileInfo>
        <Attr Name="ImportPath" Val="$PPRDIR/../Downloads/FINAALLLLLLLDecompression/Decompression/Decompression.srcs/sources_1/new/Dictionary.vhd"/>
        <Attr Name="ImportTime" Val="1652362625"/>
        <Attr Name="UsedIn" Val="synthesis"/>
        <Attr Name="UsedIn" Val="simulation"/>
      </FileInfo>
    </File>
    <File Path="$PSRCDIR/sources_1/new/UART.vhd">
      <FileInfo>
        <Attr Name="ImportPath" Val="$PPRDIR/../Downloads/FINAALLLLLLLDecompression/FINAALLLLLLLDecompression/FINAALLLLLLLDecompression.srcs/sources_1/new/UART.vhd"/>
        <Attr Name="ImportTime" Val="1652897396"/>
        <Attr Name="UsedIn" Val="synthesis"/>
        <Attr Name="UsedIn" Val="simulation"/>
      </FileInfo>
    </File>
    <File Path="$PSRCDIR/sources_1/new/UART_Controller.vhd">
      <FileInfo>
        <Attr Name="ImportPath" Val="$PPRDIR/../Downloads/FINAALLLLLLLDecompression/FINAALLLLLLLDecompression/FINAALLLLLLLDecompression.srcs/sources_1/new/UART_Controller.vhd"/>
        <Attr Name="ImportTime" Val="1652898597"/>
        <Attr Name="UsedIn" Val="synthesis"/>
        <Attr Name="UsedIn" Val="simulation"/>
      </FileInfo>
    </File>
    <File Path="$PSRCDIR/sources_1/new/UART_tx.vhd">
      <FileInfo>
        <Attr Name="ImportPath" Val="$PPRDIR/../Downloads/FINAALLLLLLLDecompression/FINAALLLLLLLDecompression/FINAALLLLLLLDecompression.srcs/sources_1/new/UART_tx.vhd"/>
        <Attr Name="ImportTime" Val="1652897481"/>
        <Attr Name="UsedIn" Val="synthesis"/>
        <Attr Name="UsedIn" Val="simulation"/>
      </FileInfo>
    </File>
    <File Path="$PSRCDIR/sources_1/new/button_debounce.vhd">
      <FileInfo>
        <Attr Name="ImportPath" Val="$PPRDIR/../Downloads/FINAALLLLLLLDecompression/FINAALLLLLLLDecompression/FINAALLLLLLLDecompression.srcs/sources_1/new/button_debounce.vhd"/>
        <Attr Name="ImportTime" Val="1652897356"/>
        <Attr Name="UsedIn" Val="synthesis"/>
        <Attr Name="UsedIn" Val="simulation"/>
      </FileInfo>
    </File>
    <File Path="$PSRCDIR/sources_1/new/comparison_shift.vhd">
      <FileInfo>
        <Attr Name="ImportPath" Val="$PPRDIR/../Downloads/FINAALLLLLLLDecompression/MicroDecompression15_5/MicroDecompression15_5.srcs/sources_1/new/comparison_shift.vhd"/>
        <Attr Name="ImportTime" Val="1652702170"/>
        <Attr Name="UsedIn" Val="synthesis"/>
        <Attr Name="UsedIn" Val="simulation"/>
      </FileInfo>
    </File>
    <File Path="$PSRCDIR/sources_1/new/decompression.vhd">
      <FileInfo>
        <Attr Name="ImportPath" Val="$PPRDIR/../Downloads/FINAALLLLLLLDecompression/Decompression/Decompression.srcs/sources_1/new/decompression.vhd"/>
        <Attr Name="ImportTime" Val="1652381804"/>
        <Attr Name="UsedIn" Val="synthesis"/>
        <Attr Name="UsedIn" Val="simulation"/>
      </FileInfo>
    </File>
    <File Path="$PSRCDIR/sources_1/new/UART_rx.vhd">
      <FileInfo>
        <Attr Name="UserDisabled" Val="1"/>
        <Attr Name="ImportPath" Val="$PPRDIR/../Downloads/FINAALLLLLLLDecompression/FINAALLLLLLLDecompression/FINAALLLLLLLDecompression.srcs/sources_1/new/UART_rx.vhd"/>
        <Attr Name="ImportTime" Val="1652897369"/>
        <Attr Name="UsedIn" Val="synthesis"/>
        <Attr Name="UsedIn" Val="simulation"/>
      </FileInfo>
    </File>
    <Config>
      <Option Name="DesignMode" Val="RTL"/>
      <Option Name="TopModule" Val="decompression"/>
      <Option Name="TopAutoSet" Val="TRUE"/>
    </Config>
  </FileSet>
  <FileSet Name="constrs_in" Type="Constrs" RelSrcDir="$PSRCDIR/constrs_1">
    <Filter Type="Constrs"/>
    <File Path="$PSRCDIR/constrs_1/imports/Desktop/Basys3_Master.xdc">
      <FileInfo>
        <Attr Name="ImportPath" Val="$PPRDIR/../Downloads/Basys3_Master.xdc"/>
        <Attr Name="ImportTime" Val="1646569284"/>
        <Attr Name="UsedIn" Val="synthesis"/>
        <Attr Name="UsedIn" Val="implementation"/>
      </FileInfo>
    </File>
    <Config>
      <Option Name="ConstrsType" Val="XDC"/>
    </Config>
  </FileSet>
  <FileSet Name="utils" Type="Utils" RelSrcDir="$PSRCDIR/utils_1">
    <Filter Type="Utils"/>
    <Config>
      <Option Name="TopAutoSet" Val="TRUE"/>
    </Config>
  </FileSet>
  <Strategy Version="1" Minor="2">
    <StratHandle Name="Vivado Synthesis Defaults" Flow="Vivado Synthesis 2020"/>
    <Step Id="synth_design"/>
  </Strategy>
  <BlockFileSet Type="BlockSrcs" Name="blk_mem_gen_0"/>
</GenRun>
